--
-- PostgreSQL database dump
--

-- Dumped from database version 14.2 (Debian 14.2-1.pgdg110+1)
-- Dumped by pg_dump version 14.2 (Debian 14.2-1.pgdg110+1)

SET statement_timeout = 0;
SET lock_timeout = 0;
SET idle_in_transaction_session_timeout = 0;
SET client_encoding = 'UTF8';
SET standard_conforming_strings = on;
SELECT pg_catalog.set_config('search_path', '', false);
SET check_function_bodies = false;
SET xmloption = content;
SET client_min_messages = warning;
SET row_security = off;

--
-- Name: tablefunc; Type: EXTENSION; Schema: -; Owner: -
--

CREATE EXTENSION IF NOT EXISTS tablefunc WITH SCHEMA public;


--
-- Name: EXTENSION tablefunc; Type: COMMENT; Schema: -; Owner: 
--

COMMENT ON EXTENSION tablefunc IS 'functions that manipulate whole tables, including crosstab';


SET default_tablespace = '';

SET default_table_access_method = heap;

--
-- Name: item; Type: TABLE; Schema: public; Owner: test-user
--

CREATE TABLE public.item (
    id bigint NOT NULL,
    description character varying(255),
    name character varying(255),
    price integer,
    stock integer,
    attributes jsonb,
    search_text tsvector GENERATED ALWAYS AS (to_tsvector('simple'::regconfig, (((((COALESCE(name, ''::character varying))::text || ' '::text) || (COALESCE(description, ''::character varying))::text) || ' '::text) || COALESCE((attributes)::text, ''::text)))) STORED
);


ALTER TABLE public.item OWNER TO "test-user";

--
-- Name: item_id_seq; Type: SEQUENCE; Schema: public; Owner: test-user
--

ALTER TABLE public.item ALTER COLUMN id ADD GENERATED BY DEFAULT AS IDENTITY (
    SEQUENCE NAME public.item_id_seq
    START WITH 1
    INCREMENT BY 1
    NO MINVALUE
    NO MAXVALUE
    CACHE 1
);


--
-- Name: order_item; Type: TABLE; Schema: public; Owner: test-user
--

CREATE TABLE public.order_item (
    id bigint NOT NULL,
    price integer NOT NULL,
    quantity integer NOT NULL,
    item_id bigint,
    order_id bigint
);


ALTER TABLE public.order_item OWNER TO "test-user";

--
-- Name: order_item_id_seq; Type: SEQUENCE; Schema: public; Owner: test-user
--

ALTER TABLE public.order_item ALTER COLUMN id ADD GENERATED BY DEFAULT AS IDENTITY (
    SEQUENCE NAME public.order_item_id_seq
    START WITH 1
    INCREMENT BY 1
    NO MINVALUE
    NO MAXVALUE
    CACHE 1
);


--
-- Name: orders; Type: TABLE; Schema: public; Owner: test-user
--

CREATE TABLE public.orders (
    id bigint NOT NULL,
    order_date timestamp(6) without time zone,
    total_price integer NOT NULL,
    user_id bigint
);


ALTER TABLE public.orders OWNER TO "test-user";

--
-- Name: orders_id_seq; Type: SEQUENCE; Schema: public; Owner: test-user
--

ALTER TABLE public.orders ALTER COLUMN id ADD GENERATED BY DEFAULT AS IDENTITY (
    SEQUENCE NAME public.orders_id_seq
    START WITH 1
    INCREMENT BY 1
    NO MINVALUE
    NO MAXVALUE
    CACHE 1
);


--
-- Name: users; Type: TABLE; Schema: public; Owner: test-user
--

CREATE TABLE public.users (
    id bigint NOT NULL,
    age integer,
    name character varying(255),
    password character varying(255),
    role character varying(255),
    username character varying(255),
    menber_number character varying(255),
    member_number character varying(255)
);


ALTER TABLE public.users OWNER TO "test-user";

--
-- Name: users_id_seq; Type: SEQUENCE; Schema: public; Owner: test-user
--

ALTER TABLE public.users ALTER COLUMN id ADD GENERATED BY DEFAULT AS IDENTITY (
    SEQUENCE NAME public.users_id_seq
    START WITH 1
    INCREMENT BY 1
    NO MINVALUE
    NO MAXVALUE
    CACHE 1
);


--
-- Name: users_seq; Type: SEQUENCE; Schema: public; Owner: test-user
--

CREATE SEQUENCE public.users_seq
    START WITH 1
    INCREMENT BY 50
    NO MINVALUE
    NO MAXVALUE
    CACHE 1;


ALTER TABLE public.users_seq OWNER TO "test-user";

--
-- Name: v_item_search; Type: VIEW; Schema: public; Owner: test-user
--

CREATE VIEW public.v_item_search AS
 SELECT item.id,
    item.name,
    item.description,
    item.attributes,
    item.search_text AS document
   FROM public.item;


ALTER TABLE public.v_item_search OWNER TO "test-user";

--
-- Data for Name: item; Type: TABLE DATA; Schema: public; Owner: test-user
--

COPY public.item (id, description, name, price, stock, attributes) FROM stdin;
105	\N	Bluetoothイヤホン	900	958	{"category": "electronics", "connection": "Bluetooth", "battery_life": "8h"}
97	\N	ノート（A5サイズ）	100	974	{"size": "A5", "category": "stationery"}
56	\N	高級ボールペン（限定モデル）	1000	955	{"color": "black", "limited": true, "category": "stationery", "material": "metal"}
121	\N	USBメモリ 32GB（ノイズキャンセリング）	500	930	{"capacity": "32GB", "category": "electronics"}
123	\N	シャープペンシル（高耐久）	300	971	{"category": "stationery", "lead_size": "0.5mm"}
124	\N	ボールペン（黒）（高耐久）	200	933	{"color": "black", "category": "stationery"}
125	\N	Webカメラ（1080p）（ノイズキャンセリング）	1000	944	{"fps": 30, "category": "electronics", "resolution": "1080p"}
127	\N	Bluetoothイヤホン（ノイズキャンセリング）	900	958	{"category": "electronics", "connection": "Bluetooth", "battery_life": "8h"}
128	\N	クリアファイル（10枚セット）（A4対応）	400	965	{"category": "office", "quantity": 10}
130	\N	キーボード（有線）（ノイズキャンセリング）	700	936	{"layout": "JIS", "category": "electronics", "connection": "wired"}
131	\N	ノート（A5サイズ）（高耐久）	100	974	{"size": "A5", "category": "stationery"}
134	\N	ワイヤレスマウス（ノイズキャンセリング）	600	928	{"dpi": 1600, "category": "electronics", "connection": "wireless"}
101	\N	USBメモリ 32GB	500	930	{"capacity": "32GB", "category": "electronics"}
139	\N	モバイルバッテリー 10000mAh（ノイズキャンセリング）	800	958	{"output": ["USB-A", "USB-C"], "capacity": "10000mAh", "category": "electronics"}
103	\N	キーボード（有線）	700	936	{"layout": "JIS", "category": "electronics", "connection": "wired"}
98	\N	ボールペン（黒）	200	933	{"color": "black", "category": "stationery"}
141	\N	高級ボールペン（限定モデル）（高耐久）	1000	955	{"color": "black", "limited": true, "category": "stationery", "material": "metal"}
100	\N	クリアファイル（10枚セット）	400	965	{"category": "office", "quantity": 10}
106	\N	Webカメラ（1080p）	1000	944	{"fps": 30, "category": "electronics", "resolution": "1080p"}
104	\N	モバイルバッテリー 10000mAh	800	958	{"output": ["USB-A", "USB-C"], "capacity": "10000mAh", "category": "electronics"}
99	\N	シャープペンシル	300	971	{"category": "stationery", "lead_size": "0.5mm"}
102	\N	ワイヤレスマウス	600	928	{"dpi": 1600, "category": "electronics", "connection": "wireless"}
\.


--
-- Data for Name: order_item; Type: TABLE DATA; Schema: public; Owner: test-user
--

COPY public.order_item (id, price, quantity, item_id, order_id) FROM stdin;
216	600	1	102	173
217	400	2	98	173
218	3000	5	102	173
219	1200	2	102	173
20	1600	2	104	8
234	2000	2	56	178
24	2400	3	104	9
26	1800	3	102	10
28	3200	1	101	11
29	4500	1	102	12
30	2800	1	103	13
31	5100	1	104	14
32	3900	1	105	15
33	4200	1	106	16
34	6100	1	101	17
35	4700	1	102	18
36	5300	1	103	19
37	3600	1	104	20
38	5800	1	105	21
39	7200	1	106	22
239	2400	4	102	180
240	600	1	102	180
241	1200	2	102	181
242	1200	4	99	181
243	400	4	97	181
244	2000	5	100	181
245	4000	4	56	182
246	800	4	98	182
247	800	4	98	182
248	1000	5	98	182
249	5000	5	106	182
250	3500	5	103	183
251	2700	3	105	184
257	5000	5	106	186
258	400	1	100	186
259	1500	3	101	186
260	600	3	98	187
261	1600	4	100	187
262	700	1	103	187
263	3000	3	106	187
264	1000	1	106	188
266	4000	5	104	190
267	900	3	99	190
268	2000	5	100	190
269	1600	4	100	191
270	2000	4	101	191
283	300	3	97	195
284	800	4	98	195
285	600	2	99	196
290	1000	5	98	198
291	400	2	98	198
292	600	1	102	198
297	1500	3	101	200
302	4500	5	105	202
303	3000	3	106	203
304	600	3	98	203
305	700	1	103	203
306	2000	4	101	203
307	400	1	100	204
308	2700	3	105	204
309	200	2	97	204
310	2500	5	101	204
311	3500	5	103	205
312	4500	5	105	205
313	500	5	97	205
314	3500	5	103	205
315	600	2	99	205
316	3000	3	56	206
317	3000	3	56	206
318	1000	2	101	206
319	1600	2	104	207
320	4500	5	105	207
321	2000	2	106	207
322	1500	5	99	208
323	3000	5	102	208
324	3600	4	105	208
325	3500	5	103	208
326	400	1	100	209
327	3200	4	104	210
328	2400	3	104	211
329	2000	4	101	212
330	1200	4	99	212
331	1500	3	101	213
332	1000	1	56	214
333	2700	3	105	214
334	1000	5	98	215
335	2800	4	103	215
336	2500	5	101	215
337	1800	3	102	215
338	3000	3	106	216
339	2500	5	101	216
340	2000	2	106	216
341	100	1	97	217
342	1200	2	102	217
343	1600	4	100	217
344	200	2	97	217
345	800	2	100	218
346	2400	4	102	219
347	800	1	104	219
348	1200	4	99	219
349	1200	3	100	220
350	700	1	103	220
351	800	1	104	220
352	200	2	97	221
353	2400	3	104	221
354	4000	5	104	221
355	2000	2	56	221
356	100	1	97	221
357	1200	4	99	222
358	4000	4	106	222
359	1000	5	98	222
360	2800	4	103	222
361	1000	1	106	222
362	400	1	100	223
363	1000	1	56	223
364	1000	1	106	223
365	3500	5	103	223
366	1200	2	102	223
367	3000	3	56	224
368	2500	5	101	225
369	4000	5	104	225
370	3000	5	102	225
371	5000	5	106	225
372	400	2	98	225
373	2500	5	101	226
374	4000	4	56	226
375	200	2	97	227
376	800	1	104	227
377	4500	5	105	227
378	5000	5	56	228
379	1000	1	106	228
380	1200	2	102	228
381	700	1	103	229
382	2500	5	101	229
383	2400	3	104	229
384	2800	4	103	229
385	600	2	99	229
386	1800	2	105	230
387	800	4	98	230
388	800	2	100	230
389	4000	5	104	231
390	100	1	97	231
391	1500	3	101	231
392	1000	1	56	231
393	3000	5	102	231
394	600	3	98	232
395	800	2	100	232
396	2100	3	103	232
397	300	3	97	232
398	1200	3	100	232
399	1600	4	100	233
400	200	1	98	233
401	1000	5	98	233
402	1000	5	98	233
403	3200	4	104	234
404	300	3	97	235
405	300	1	99	235
406	2000	2	56	235
407	2000	2	106	235
408	600	3	98	235
409	1000	2	101	236
410	2000	2	56	236
411	3000	5	102	237
412	3000	5	102	237
413	2000	2	56	237
414	3000	3	106	237
415	1000	5	98	237
416	1200	3	100	238
417	5000	5	56	239
418	500	5	97	239
419	600	2	99	239
420	2400	4	102	240
421	1800	2	105	240
422	1200	4	99	240
423	1800	3	102	240
424	1200	3	100	240
425	2000	2	56	241
426	1500	3	101	242
427	1400	2	103	242
428	1500	3	101	242
429	1000	2	101	242
430	1000	5	98	242
431	3000	5	102	243
432	2000	5	100	243
433	3000	3	106	244
434	100	1	97	244
435	500	5	97	244
436	4000	4	106	244
437	200	2	97	245
438	2400	4	102	246
439	1800	2	105	246
440	2400	3	104	247
441	900	1	105	248
442	5000	5	106	248
443	800	1	104	248
444	900	3	99	248
445	1200	2	102	249
446	3600	4	105	249
447	900	1	105	250
448	4000	4	56	250
\.


--
-- Data for Name: orders; Type: TABLE DATA; Schema: public; Owner: test-user
--

COPY public.orders (id, order_date, total_price, user_id) FROM stdin;
173	2026-06-11 11:07:49.81163	5200	3452
178	2026-06-11 11:07:49.89252	2000	3461
8	2026-06-10 14:59:53.270485	2400	3459
9	2026-06-10 14:59:53.289243	3400	3460
10	2026-06-10 14:59:53.306498	3700	3461
11	2025-01-15 00:00:00	3200	3452
12	2025-02-10 00:00:00	4500	3453
13	2025-03-20 00:00:00	2800	3454
14	2025-04-05 00:00:00	5100	3455
15	2025-05-18 00:00:00	3900	3456
16	2025-06-22 00:00:00	4200	3457
17	2025-07-11 00:00:00	6100	3458
18	2025-08-30 00:00:00	4700	3459
19	2025-09-14 00:00:00	5300	3460
20	2025-10-03 00:00:00	3600	3461
21	2025-11-19 00:00:00	5800	3452
22	2025-12-25 00:00:00	7200	3453
180	2026-06-11 11:07:49.913722	3000	3459
181	2026-06-11 11:07:49.922595	4800	3460
182	2026-06-11 11:07:49.940337	11600	3454
183	2026-06-11 11:07:49.957342	3500	3456
184	2026-06-11 11:07:49.966304	2700	3457
186	2026-06-11 11:07:49.997475	6900	3459
187	2026-06-11 11:07:50.014647	5900	3459
188	2026-06-11 11:07:50.037464	1000	3454
190	2026-06-11 11:07:50.053619	6900	3457
191	2026-06-11 11:07:50.072814	3600	3457
195	2026-06-11 11:07:50.151715	1100	3452
196	2026-06-11 11:07:50.165157	600	3461
198	2026-06-11 11:07:50.193936	2000	3460
200	2026-06-11 11:07:50.231323	1500	3461
202	2026-06-11 11:13:56.250693	4500	3452
203	2026-06-11 11:13:56.262302	6300	3452
204	2026-06-11 11:13:56.281327	5800	3452
205	2026-06-11 11:13:56.298862	12600	3452
206	2026-06-11 11:13:56.315718	7000	3452
207	2026-06-11 11:13:56.326312	8100	3453
208	2026-06-11 11:13:56.336771	11600	3453
209	2026-06-11 11:13:56.359698	400	3453
210	2026-06-11 11:13:56.367258	3200	3453
211	2026-06-11 11:13:56.375877	2400	3454
212	2026-06-11 11:13:56.382043	3200	3454
213	2026-06-11 11:13:56.39062	1500	3454
214	2026-06-11 11:13:56.395916	3700	3454
215	2026-06-11 11:13:56.406778	8100	3454
216	2026-06-11 11:13:56.423332	7500	3454
217	2026-06-11 11:13:56.433472	3100	3455
218	2026-06-11 11:13:56.446387	800	3455
219	2026-06-11 11:13:56.452793	4400	3455
220	2026-06-11 11:13:56.465505	2700	3455
221	2026-06-11 11:13:56.478254	8700	3455
222	2026-06-11 11:13:56.492379	10000	3456
223	2026-06-11 11:13:56.510754	7100	3456
224	2026-06-11 11:13:56.529747	3000	3456
225	2026-06-11 11:13:56.535867	14900	3456
226	2026-06-11 11:13:56.558173	6500	3456
227	2026-06-11 11:13:56.567185	5500	3457
228	2026-06-11 11:13:56.579874	7200	3457
229	2026-06-11 11:13:56.593858	9000	3457
230	2026-06-11 11:13:56.613125	3400	3457
231	2026-06-11 11:13:56.627412	9600	3457
232	2026-06-11 11:13:56.648505	5000	3458
233	2026-06-11 11:13:56.666804	3800	3458
234	2026-06-11 11:13:56.679534	3200	3458
235	2026-06-11 11:13:56.685742	5200	3458
236	2026-06-11 11:13:56.706494	3000	3459
237	2026-06-11 11:13:56.716897	12000	3459
238	2026-06-11 11:13:56.737308	1200	3459
239	2026-06-11 11:13:56.744677	6100	3459
240	2026-06-11 11:13:56.758033	8400	3460
241	2026-06-11 11:13:56.774741	2000	3460
242	2026-06-11 11:13:56.781039	6400	3460
243	2026-06-11 11:13:56.798646	5000	3460
244	2026-06-11 11:13:56.80828	7600	3460
245	2026-06-11 11:13:56.823727	200	3460
246	2026-06-11 11:13:56.832307	4200	3461
247	2026-06-11 11:13:56.842583	2400	3461
248	2026-06-11 11:13:56.850571	7600	3461
249	2026-06-11 11:13:56.869222	4800	3461
250	2026-06-11 11:28:54.924835	4900	3452
\.


--
-- Data for Name: users; Type: TABLE DATA; Schema: public; Owner: test-user
--

COPY public.users (id, age, name, password, role, username, menber_number, member_number) FROM stdin;
3452	25	Taro	$2a$10$Qda6dDlC/Ad3nu.NxZ2.yuk9NSQUFvTux7j4OW40gBCgVXlVdV1Cu	USER	taro1	\N	A0001
3453	28	Hanako	$2a$10$HsIUn1by4Gy9b2Si6NE.UOv3mdgALZ0.HzGEm1XkpKRq3GQBvr29q	USER	hanako1	\N	A0002
3454	30	Jiro	$2a$10$WJPlJS59cXcJD7Sswk6ijem0Wr/1o8r.MONuTYVwcutM8qe/IfvSW	ADMIN	jiro1	\N	A0000
3455	22	Mika	$2a$10$HS4PCohPDONk7NI/dAXqT.Iyo2hkq6IgYCeNGgqwNEt//DnlnhogG	USER	mika1	\N	A0001
3456	27	Ken	$2a$10$AroPWNvFxsFvX.356SyCUe6LWUfAIAaehYnP578L4aR5nyWHsHYnu	USER	ken1	\N	A0002
3457	33	Saki	$2a$10$NvDiAzpLUGtt00crxl2n2OXEeG401QlE1Rv7BsWrmPP9VvKS2y5Ey	USER	saki1	\N	A0003
3458	24	Ami	$2a$10$.Rfgs4Lcf3DKv8OTFGE.Zenx9yJwGycOyesaEWoYlhP8buRMr63Hm	USER	ami1	\N	A0004
3459	29	Shun	$2a$10$tUWsSxL8xdrenNWafyDAjuAYa4ysqCpcX5FUTYIh8xZrcPBkbEh5C	ADMIN	shun1	\N	A0000
3460	31	Rina	$2a$10$tAk0z2ROdbjhaj5UOAvIBOH.rqNXCpfvOj6MSh1R.fL0VejBqJmQa	USER	rina1	\N	A0001
3461	26	Kota	$2a$10$y860R.tvqKFbb8OvbXQYsOxNwBu04OXtl7eBtsWfAkeHF31FCwWxS	USER	kota1	\N	A0002
3552	40	てててて	$2a$10$ckBVtSzGvqFCO3QAbbYv2eNIu1INc6zA5ep2m3CjYBOlRKoDxzPW6	USER	てててて	\N	A0003
\.


--
-- Name: item_id_seq; Type: SEQUENCE SET; Schema: public; Owner: test-user
--

SELECT pg_catalog.setval('public.item_id_seq', 5120, true);


--
-- Name: order_item_id_seq; Type: SEQUENCE SET; Schema: public; Owner: test-user
--

SELECT pg_catalog.setval('public.order_item_id_seq', 448, true);


--
-- Name: orders_id_seq; Type: SEQUENCE SET; Schema: public; Owner: test-user
--

SELECT pg_catalog.setval('public.orders_id_seq', 250, true);


--
-- Name: users_id_seq; Type: SEQUENCE SET; Schema: public; Owner: test-user
--

SELECT pg_catalog.setval('public.users_id_seq', 1, false);


--
-- Name: users_seq; Type: SEQUENCE SET; Schema: public; Owner: test-user
--

SELECT pg_catalog.setval('public.users_seq', 3601, true);


--
-- Name: item item_pkey; Type: CONSTRAINT; Schema: public; Owner: test-user
--

ALTER TABLE ONLY public.item
    ADD CONSTRAINT item_pkey PRIMARY KEY (id);


--
-- Name: order_item order_item_pkey; Type: CONSTRAINT; Schema: public; Owner: test-user
--

ALTER TABLE ONLY public.order_item
    ADD CONSTRAINT order_item_pkey PRIMARY KEY (id);


--
-- Name: orders orders_pkey; Type: CONSTRAINT; Schema: public; Owner: test-user
--

ALTER TABLE ONLY public.orders
    ADD CONSTRAINT orders_pkey PRIMARY KEY (id);


--
-- Name: users ukolfuw32h6iqb3jdypd14202fa; Type: CONSTRAINT; Schema: public; Owner: test-user
--

ALTER TABLE ONLY public.users
    ADD CONSTRAINT ukolfuw32h6iqb3jdypd14202fa UNIQUE (menber_number);


--
-- Name: item unique_item_name; Type: CONSTRAINT; Schema: public; Owner: test-user
--

ALTER TABLE ONLY public.item
    ADD CONSTRAINT unique_item_name UNIQUE (name);


--
-- Name: users unique_username; Type: CONSTRAINT; Schema: public; Owner: test-user
--

ALTER TABLE ONLY public.users
    ADD CONSTRAINT unique_username UNIQUE (username);


--
-- Name: users users_pkey; Type: CONSTRAINT; Schema: public; Owner: test-user
--

ALTER TABLE ONLY public.users
    ADD CONSTRAINT users_pkey PRIMARY KEY (id);


--
-- Name: idx_item_attributes_gin; Type: INDEX; Schema: public; Owner: test-user
--

CREATE INDEX idx_item_attributes_gin ON public.item USING gin (attributes);


--
-- Name: idx_item_search_text; Type: INDEX; Schema: public; Owner: test-user
--

CREATE INDEX idx_item_search_text ON public.item USING gin (search_text);


--
-- Name: orders fk32ql8ubntj5uh44ph9659tiih; Type: FK CONSTRAINT; Schema: public; Owner: test-user
--

ALTER TABLE ONLY public.orders
    ADD CONSTRAINT fk32ql8ubntj5uh44ph9659tiih FOREIGN KEY (user_id) REFERENCES public.users(id);


--
-- Name: order_item fk_orderitem_item; Type: FK CONSTRAINT; Schema: public; Owner: test-user
--

ALTER TABLE ONLY public.order_item
    ADD CONSTRAINT fk_orderitem_item FOREIGN KEY (item_id) REFERENCES public.item(id) ON DELETE CASCADE;


--
-- Name: order_item fk_orderitem_order; Type: FK CONSTRAINT; Schema: public; Owner: test-user
--

ALTER TABLE ONLY public.order_item
    ADD CONSTRAINT fk_orderitem_order FOREIGN KEY (order_id) REFERENCES public.orders(id);


--
-- Name: order_item fkija6hjjiit8dprnmvtvgdp6ru; Type: FK CONSTRAINT; Schema: public; Owner: test-user
--

ALTER TABLE ONLY public.order_item
    ADD CONSTRAINT fkija6hjjiit8dprnmvtvgdp6ru FOREIGN KEY (item_id) REFERENCES public.item(id);


--
-- Name: order_item fkt4dc2r9nbvbujrljv3e23iibt; Type: FK CONSTRAINT; Schema: public; Owner: test-user
--

ALTER TABLE ONLY public.order_item
    ADD CONSTRAINT fkt4dc2r9nbvbujrljv3e23iibt FOREIGN KEY (order_id) REFERENCES public.orders(id);


--
-- PostgreSQL database dump complete
--

